platform_id,contact_mail,website
3,caronni@comcast.net,who.int
4,null,nytimes.com
35,techie@outlook.com,null
0,kmiller@yahoo.com,spiegel.de
1,crandall@comcast.net,mac.com
5,animats@yahoo.com,state.tx.us
6,null,goo.ne.jp
7,ylchang@me.com,sourceforge.net
8,rsteiner@optonline.net,answers.com
9,unreal@hotmail.com,microsoft.com
10,clkao@gmail.com,linkedin.com
11,tarreau@sbcglobal.net,google.com
12,chronos@aol.com,devhub.com
13,knorr@comcast.net,scribd.com
14,jdhedden@msn.com,cpanel.net
15,null,storify.com
16,simone@msn.com,163.com
17,william@sbcglobal.net,drupal.org
18,hermanab@sbcglobal.net,usgs.gov
19,goldberg@aol.com,wikispaces.com
20,daveewart@yahoo.com,mail.ru
21,eurohack@outlook.com,netscape.com
22,rhialto@me.com,weather.com
23,gtaylor@yahoo.com,facebook.com
24,null,furl.net
25,kodeman@icloud.com,archive.org
26,mastinfo@comcast.net,ameblo.jp
27,improv@optonline.net,a8.net
28,andersbr@att.net,netlog.com
29,hstiles@me.com,infoseek.co.jp
30,greear@live.com,wired.com
31,danny@me.com,ezinearticles.com
32,agolomsh@outlook.com,nature.com
33,mchugh@icloud.com,irs.gov
34,andrei@optonline.net,dedecms.com
2,hikoza@icloud.com,null
36,claesjac@yahoo.com,null
37,scotfl@hotmail.com,indiatimes.com
38,thurston@icloud.com,de.vu
39,kenja@live.com,about.com
40,null,fc2.com
41,null,null
42,dbindel@yahoo.com,miitbeian.gov.cn
43,bhima@hotmail.com,jalbum.net
44,webinc@att.net,nasa.gov
45,sburke@hotmail.com,yellowpages.com
46,parasite@comcast.net,google.com
47,wildfire@yahoo.ca,reverbnation.com
48,lishoy@me.com,hhs.gov
49,uraeus@outlook.com,forbes.com
50,tangsh@verizon.net,time.com
51,grady@msn.com,homestead.com
52,jgoerzen@live.com,slate.com
53,rattenbt@yahoo.ca,homestead.com
54,murdocj@mac.com,nba.com
55,mcraigw@sbcglobal.net,yale.edu
56,dkrishna@gmail.com,g.co
57,mirod@hotmail.com,ezinearticles.com
58,mavilar@yahoo.com,symantec.com
59,null,reddit.com
60,heckerman@live.com,gov.uk
61,murdocj@verizon.net,null
62,fbriere@sbcglobal.net,nba.com
63,garyjb@aol.com,theglobeandmail.com
64,lstein@live.com,elegantthemes.com
65,hager@icloud.com,wufoo.com
66,malattia@msn.com,statcounter.com
67,grady@verizon.net,reddit.com
68,rogerspl@yahoo.com,europa.eu
69,jdhildeb@aol.com,null
70,null,reference.com
71,null,cyberchimps.com
72,rhialto@hotmail.com,topsy.com
73,drjlaw@me.com,utexas.edu
74,null,goodreads.com
75,null,nymag.com
76,petersko@gmail.com,unicef.org
77,punkis@msn.com,cornell.edu
78,null,cnbc.com
79,null,whitehouse.gov
80,plover@outlook.com,indiegogo.com
81,kewley@att.net,null
82,scottlee@comcast.net,blogger.com
83,jacks@icloud.com,null
84,scottlee@me.com,skype.com
85,isaacson@icloud.com,facebook.com
86,balchen@att.net,eepurl.com
87,caronni@gmail.com,alibaba.com
88,world@yahoo.com,exblog.jp
89,violinhi@me.com,bizjournals.com
90,andale@optonline.net,comcast.net
91,tamas@optonline.net,who.int
92,heroine@comcast.net,seattletimes.com
93,killmenow@sbcglobal.net,null
94,matloff@hotmail.com,comcast.net
95,gtewari@me.com,nba.com
96,pdbaby@yahoo.ca,pbs.org
97,nogin@verizon.net,ustream.tv
98,cisugrad@yahoo.com,null
99,mallanmba@icloud.com,sbwire.com
100,null,dedecms.com
101,matloff@hotmail.com,illinois.edu
102,portscan@sbcglobal.net,hao123.com
103,djpig@icloud.com,wired.com
104,mschwartz@gmail.com,slideshare.net
105,null,who.int
106,petersen@me.com,wix.com
107,tskirvin@yahoo.ca,marketwatch.com
108,bradl@yahoo.com,angelfire.com
109,eurohack@sbcglobal.net,linkedin.com
110,mgemmons@aol.com,bbb.org
111,anicolao@outlook.com,null
112,durist@yahoo.ca,intel.com
113,dbanarse@sbcglobal.net,nih.gov
114,raines@live.com,networksolutions.com
115,kuparine@me.com,yellowbook.com
116,null,ovh.net
117,dmiller@gmail.com,statcounter.com
118,matloff@me.com,live.com
119,vertigo@live.com,symantec.com
120,munge@icloud.com,miitbeian.gov.cn
121,null,ft.com
122,fukuchi@live.com,un.org
123,drhyde@yahoo.ca,null
124,kildjean@me.com,wiley.com
125,null,gnu.org
126,donev@hotmail.com,reddit.com
127,rsteiner@att.net,mac.com
128,ganter@att.net,squidoo.com
129,magusnet@live.com,t.co
130,mlewan@live.com,hc360.com
131,skoch@verizon.net,odnoklassniki.ru
132,sjmuir@gmail.com,usatoday.com
133,michiel@mac.com,joomla.org
134,biglou@optonline.net,seattletimes.com
135,crobles@att.net,ucsd.edu
136,vmalik@icloud.com,sourceforge.net
137,heine@comcast.net,mapquest.com
138,mxiao@comcast.net,null
139,hakim@outlook.com,phoca.cz
140,andrewik@outlook.com,thetimes.co.uk
141,blixem@att.net,seattletimes.com
142,bescoto@msn.com,google.com.hk
143,skippy@yahoo.ca,cargocollective.com
144,dbrobins@outlook.com,null
145,benanov@verizon.net,surveymonkey.com
146,heckerman@msn.com,so-net.ne.jp
147,tlinden@att.net,live.com
148,crowemojo@mac.com,null
149,null,ca.gov
150,kewley@mac.com,null
151,pappp@gmail.com,state.tx.us
152,michiel@me.com,tripod.com
153,hikoza@comcast.net,null
154,murty@yahoo.com,technorati.com
155,sthomas@yahoo.com,jiathis.com
156,stinson@comcast.net,netlog.com
157,null,icq.com
158,crusader@yahoo.ca,mashable.com
159,timtroyr@mac.com,japanpost.jp
160,malattia@live.com,webs.com
161,staffelb@gmail.com,dedecms.com
162,dodong@sbcglobal.net,zdnet.com
163,konit@hotmail.com,drupal.org
164,andrewik@verizon.net,miibeian.gov.cn
165,dbanarse@live.com,phoca.cz
166,falcao@comcast.net,scribd.com
167,sartak@me.com,china.com.cn
168,staffelb@verizon.net,cargocollective.com
169,luvirini@live.com,vimeo.com
170,drezet@att.net,devhub.com
171,bhtower@live.com,yellowpages.com
172,pavel@att.net,aol.com
173,null,1und1.de
174,uncled@aol.com,ning.com
175,baveja@yahoo.com,free13runpool.com
176,novanet@msn.com,spotify.com
177,elflord@live.com,cbslocal.com
178,null,163.com
179,mstrout@yahoo.ca,about.me
